CREATE TABLE orszag (
    id int(11) NOT NULL,
    nev varchar(16) NOT NULL,
    PRIMARY KEY (id)
);

CREATE TABLE versenyzo (
    id int(11) NOT NULL,
    nev varchar(32) NOT NULL,
    orszagID int(11) NOT NULL,
    PRIMARY KEY (id),
    FOREIGN KEY (orszagID) REFERENCES orszag(id)
);

CREATE TABLE eredmeny (
    id int(11) NOT NULL,
    versenyzoID int(11) NOT NULL,
    kategoria varchar(3) NOT NULL,
    fordulo varchar(2) NOT NULL,
    ido1 int(11),
    ido2 int(11),
    ido3 int(11),
    ido4 int(11),
    ido5 int(11),
    PRIMARY KEY (id),
    FOREIGN KEY (versenyzoID) REFERENCES versenyzo(id)
);

INSERT INTO `orszag` VALUES
(1, 'Ausztria'),
(2, 'Franciaország'),
(3, 'Lengyelország'),
(4, 'Magyarország'),
(5, 'Oroszország'),
(6, 'Románia'),
(7, 'Szlovákia'),
(8, 'Svájc');


INSERT INTO `versenyzo` VALUES
(1, 'Ábel Egyházy', 4),
(2, 'Ábris Galler', 4),
(3, 'Ádám Hidvégi', 4),
(4, 'Ádám Marsi', 4),
(5, 'Ádám Simon', 4),
(6, 'Ádám Szabó', 4),
(7, 'Ágoston Demény', 4),
(8, 'Ágoston Török', 4),
(9, 'Alexander Bóna', 4),
(10, 'Alexander Olar', 4),
(11, 'Alexey Tsvetkov', 5),
(12, 'András Orbán', 4),
(13, 'Andrea Szakács', 4),
(14, 'Balázs Polyák', 4),
(15, 'Bálint Ambrózy', 4),
(16, 'Bálint Csengő', 4),
(17, 'Barnabás Lázár', 4),
(18, 'Bence Barát', 4),
(19, 'Bence Juhász', 4),
(20, 'Bence Kiácz', 4),
(21, 'Benedek Zimányi', 4),
(22, 'Botond Benedek', 4),
(23, 'Botond Vigh', 4),
(24, 'Dali Mahmoud Abdullah', 4),
(25, 'Dániel Milán', 4),
(26, 'Dániel Szesztay', 4),
(27, 'Dániel Varga', 4),
(28, 'Dávid Polyák', 4),
(29, 'Dávid Szabó', 4),
(30, 'Dávid Szücs', 4),
(31, 'Etele Tóth', 4),
(32, 'Firmin Brault', 2),
(33, 'Gábor Slezák', 4),
(34, 'Gergely Novotni', 4),
(35, 'Gergő Tóth', 4),
(36, 'István Kocza', 4),
(37, 'Jakub Grzybowski', 3),
(38, 'János Bereczki', 6),
(39, 'Jernej Šubelj', 4),
(40, 'Katalin Lívia Meszesán', 4),
(41, 'Kristóf Szekrényessy', 4),
(42, 'Lászlo Orczy', 4),
(43, 'László Tibor Baglyas', 4),
(44, 'László Zsolt Andrássy', 4),
(45, 'Levente Milán', 4),
(46, 'Máté Matus', 4),
(47, 'Maxim Pürstinger', 1),
(48, 'Pál Szekrényessy', 4),
(49, 'Patrik Andó', 4),
(50, 'Róbert Maróti', 4),
(51, 'Sándor Karsay', 4),
(52, 'Simon Praschl', 1),
(53, 'Soma Török', 4),
(54, 'Szabolcs Szántai', 4),
(55, 'Tamás Marsi', 4),
(56, 'Thomas Strasser', 1),
(57, 'Tino Joksch', 1),
(58, 'Vasil Hriešik Dias Brabo', 7);

INSERT INTO eredmeny VALUES
(1, 11, '2x2', 'f1', 124, 128, 163, 280, NULL),
(2, 12, '2x2', 'f1', 204, 230, 233, 241, 264),
(3, 52, '2x2', 'f1', 163, 179, 263, 274, 294),
(4, 34, '2x2', 'f1', 118, 202, 234, 320, 377),
(5, 54, '2x2', 'f1', 98, 228, 255, 295, 298),
(6, 37, '2x2', 'f1', 245, 272, 281, 337, 355),
(7, 16, '2x2', 'f1', 227, 289, 294, 320, 399),
(8, 20, '2x2', 'f1', 233, 275, 299, 348, 565),
(9, 18, '2x2', 'f1', 140, 272, 292, 371, 424),
(10, 32, '2x2', 'f1', 145, 300, 304, 347, NULL),
(11, 21, '2x2', 'f1', 303, 305, 315, 347, 351),
(12, 1, '2x2', 'f1', 261, 263, 334, 385, 661),
(13, 56, '2x2', 'f1', 218, 309, 310, 380, 440),
(14, 41, '2x2', 'f1', 128, 263, 366, 433, 437),
(15, 47, '2x2', 'f1', 289, 356, 357, 374, 521),
(16, 53, '2x2', 'f1', 180, 279, 385, 430, 449),
(17, 28, '2x2', 'f1', 240, 344, 348, 403, 443),
(18, 49, '2x2', 'f1', 320, 400, 420, 422, 484),
(19, 9, '2x2', 'f1', 261, 317, 406, 554, 854),
(20, 6, '2x2', 'f1', 357, 364, 450, 529, 595),
(21, 33, '2x2', 'f1', 210, 338, 445, 584, 866),
(22, 22, '2x2', 'f1', 390, 420, 450, 513, NULL),
(23, 55, '2x2', 'f1', 338, 417, 456, 544, 553),
(24, 15, '2x2', 'f1', 314, 441, 498, 541, 841),
(25, 10, '2x2', 'f1', 294, 397, 493, 602, 620),
(26, 23, '2x2', 'f1', 361, 458, 481, 578, 865),
(27, 2, '2x2', 'f1', 311, 502, 526, 548, 948),
(28, 57, '2x2', 'f1', 386, 518, 526, 536, 548),
(29, 5, '2x2', 'f1', 311, 430, 536, 625, 821),
(30, 27, '2x2', 'f1', 342, 436, 475, 686, 1160),
(31, 39, '2x2', 'f1', 426, 459, 501, 639, 753),
(32, 24, '2x2', 'f1', 290, 483, 542, 581, 661),
(33, 48, '2x2', 'f1', 448, 471, 592, 597, 764),
(34, 7, '2x2', 'f1', 494, 529, 546, 586, 669),
(35, 17, '2x2', 'f1', 431, 487, 564, 622, 778),
(36, 42, '2x2', 'f1', 433, 490, 537, 647, 648),
(37, 14, '2x2', 'f1', 525, 530, 552, 611, 788),
(38, 35, '2x2', 'f1', 503, 580, 603, 617, 732),
(39, 29, '2x2', 'f1', 528, 546, 630, 652, 748),
(40, 8, '2x2', 'f1', 453, 547, 632, 682, 1217),
(41, 3, '2x2', 'f1', 510, 515, 564, 821, 877),
(42, 4, '2x2', 'f1', 485, 591, 676, 803, 905),
(43, 25, '2x2', 'f1', 492, 632, 684, 770, 960),
(44, 45, '2x2', 'f1', 384, 565, 608, 934, 976),
(45, 58, '2x2', 'f1', 464, 613, 815, 908, 1143),
(46, 26, '2x2', 'f1', 741, 766, 818, 838, 965),
(47, 46, '2x2', 'f1', 502, 724, 821, 936, 1020),
(48, 19, '2x2', 'f1', 722, 774, 817, 890, 1440),
(49, 31, '2x2', 'f1', 476, 490, 594, 1447, NULL),
(50, 51, '2x2', 'f1', 827, 900, 934, 1149, 1555),
(51, 36, '2x2', 'f1', 827, 995, 1100, 1434, 2168),
(52, 40, '2x2', 'f1', 1197, 1417, 2132, 2361, 2511),
(53, 11, '2x2', 'f2', 102, 150, 157, 160, 323),
(54, 52, '2x2', 'f2', 117, 139, 194, 249, 287),
(55, 21, '2x2', 'f2', 166, 186, 239, 277, 314),
(56, 32, '2x2', 'f2', 201, 204, 211, 301, 449),
(57, 16, '2x2', 'f2', 125, 224, 241, 299, 305),
(58, 20, '2x2', 'f2', 169, 192, 282, 304, 470),
(59, 54, '2x2', 'f2', 146, 198, 267, 327, 667),
(60, 18, '2x2', 'f2', 206, 209, 236, 358, 371),
(61, 56, '2x2', 'f2', 136, 203, 261, 395, 400),
(62, 12, '2x2', 'f2', 143, 181, 286, 412, 420),
(63, 34, '2x2', 'f2', 198, 303, 303, 334, 367),
(64, 37, '2x2', 'f2', 145, 269, 358, 369, NULL),
(65, 41, '2x2', 'f2', 307, 331, 335, 347, 389),
(66, 47, '2x2', 'f2', 235, 296, 319, 437, 447),
(67, 22, '2x2', 'f2', 245, 261, 375, 439, 515),
(68, 33, '2x2', 'f2', 234, 304, 376, 473, 501),
(69, 28, '2x2', 'f2', 398, 443, 445, 449, 722),
(70, 6, '2x2', 'f2', 321, 408, 460, 476, 733),
(71, 23, '2x2', 'f2', 387, 483, 494, 503, 509),
(72, 53, '2x2', 'f2', 338, 414, 509, 601, 794),
(73, 49, '2x2', 'f2', 430, 456, 534, 562, 566),
(74, 15, '2x2', 'f2', 444, 474, 526, 553, 1290),
(75, 55, '2x2', 'f2', 442, 453, 557, 581, 621),
(76, 9, '2x2', 'f2', 398, 413, 576, 701, 833),
(77, 1, '2x2', 'f2', 220, 310, 503, NULL, NULL),
(78, 11, '2x2', 'd', 114, 134, 139, 158, 171),
(79, 52, '2x2', 'd', 163, 181, 189, 319, 369),
(80, 12, '2x2', 'd', 179, 189, 213, 325, 414),
(81, 56, '2x2', 'd', 228, 239, 247, 252, 368),
(82, 34, '2x2', 'd', 246, 266, 298, 341, 351),
(83, 16, '2x2', 'd', 287, 292, 296, 320, 327),
(84, 54, '2x2', 'd', 258, 278, 320, 320, 336),
(85, 32, '2x2', 'd', 256, 264, 306, 352, NULL),
(86, 18, '2x2', 'd', 270, 292, 306, 324, 338),
(87, 33, '2x2', 'd', 238, 257, 272, 476, 514),
(88, 22, '2x2', 'd', 332, 350, 352, 380, 387),
(89, 20, '2x2', 'd', 331, 346, 364, 393, 730),
(90, 21, '2x2', 'd', 285, 347, 411, 440, 553),
(91, 37, '2x2', 'd', 394, 410, 423, 436, 511),
(92, 47, '2x2', 'd', 308, 391, 453, 567, 814);

INSERT INTO eredmeny VALUES
(93, 11, '3x3', 'f1', 667, 674, 757, 766, 798),
(94, 33, '3x3', 'f1', 751, 775, 776, 826, 946),
(95, 50, '3x3', 'f1', 722, 726, 775, 923, 958),
(96, 38, '3x3', 'f1', 752, 775, 839, 872, 929),
(97, 56, '3x3', 'f1', 706, 772, 866, 905, 922),
(98, 2, '3x3', 'f1', 672, 837, 870, 902, 954),
(99, 32, '3x3', 'f1', 814, 862, 881, 909, 956),
(100, 34, '3x3', 'f1', 749, 813, 1018, 1031, 1160),
(101, 16, '3x3', 'f1', 860, 917, 960, 1003, 1011),
(102, 21, '3x3', 'f1', 868, 916, 1015, 1026, 1081),
(103, 18, '3x3', 'f1', 883, 897, 993, 1146, 1148),
(104, 54, '3x3', 'f1', 905, 1006, 1020, 1057, 1147),
(105, 47, '3x3', 'f1', 921, 950, 1064, 1142, 1339),
(106, 37, '3x3', 'f1', 965, 1036, 1049, 1233, NULL),
(107, 20, '3x3', 'f1', 947, 1117, 1138, 1143, 1269),
(108, 52, '3x3', 'f1', 926, 1046, 1195, 1300, 1424),
(109, 3, '3x3', 'f1', 970, 1159, 1193, 1266, 1398),
(110, 23, '3x3', 'f1', 1178, 1192, 1193, 1247, 1999),
(111, 22, '3x3', 'f1', 1052, 1146, 1255, 1282, 1316),
(112, 48, '3x3', 'f1', 985, 1025, 1148, 1529, 1604),
(113, 12, '3x3', 'f1', 1192, 1251, 1252, 1256, 1566),
(114, 31, '3x3', 'f1', 1193, 1244, 1281, 1338, 1496),
(115, 6, '3x3', 'f1', 1210, 1218, 1304, 1437, 1630),
(116, 27, '3x3', 'f1', 1108, 1233, 1366, 1515, 1649),
(117, 55, '3x3', 'f1', 1328, 1352, 1386, 1412, 1449),
(118, 5, '3x3', 'f1', 1258, 1388, 1454, 1470, 1479),
(119, 28, '3x3', 'f1', 1337, 1428, 1454, 1477, 1588),
(120, 10, '3x3', 'f1', 1128, 1361, 1524, 1543, 1674),
(121, 1, '3x3', 'f1', 1298, 1459, 1499, 1499, 1596),
(122, 57, '3x3', 'f1', 1158, 1340, 1564, 1566, 1883),
(123, 41, '3x3', 'f1', 1200, 1291, 1495, 1691, 1745),
(124, 9, '3x3', 'f1', 1372, 1464, 1539, 1602, 2280),
(125, 24, '3x3', 'f1', 1253, 1500, 1540, 1591, 2050),
(126, 8, '3x3', 'f1', 1477, 1494, 1567, 1586, 1740),
(127, 14, '3x3', 'f1', 1388, 1444, 1604, 1631, 1711),
(128, 30, '3x3', 'f1', 1336, 1435, 1559, 1709, 1791),
(129, 15, '3x3', 'f1', 1526, 1563, 1565, 1580, 1622),
(130, 25, '3x3', 'f1', 1368, 1543, 1632, 1648, 1957),
(131, 7, '3x3', 'f1', 1399, 1447, 1734, 1773, 1774),
(132, 17, '3x3', 'f1', 1109, 1551, 1660, 1922, 2188),
(133, 49, '3x3', 'f1', 1548, 1592, 1755, 1785, 1799),
(134, 53, '3x3', 'f1', 1572, 1664, 1714, 1919, 2201),
(135, 29, '3x3', 'f1', 1530, 1727, 1876, 1925, 2123),
(136, 45, '3x3', 'f1', 1499, 1666, 1799, 2164, 2726),
(137, 39, '3x3', 'f1', 1714, 1842, 1880, 1919, 2760),
(138, 44, '3x3', 'f1', 1751, 1894, 2010, 2046, 2252),
(139, 4, '3x3', 'f1', 1852, 1905, 2074, 2174, 2312),
(140, 51, '3x3', 'f1', 2139, 2205, 2217, 2253, 2656),
(141, 36, '3x3', 'f1', 1990, 2119, 2281, 2484, 2677),
(142, 42, '3x3', 'f1', 1836, 2348, 2513, 2621, 3704),
(143, 35, '3x3', 'f1', 2219, 2349, 2619, 2946, 3319),
(144, 46, '3x3', 'f1', 2481, 2709, 2955, 2999, 3136),
(145, 43, '3x3', 'f1', 2237, 3143, 3237, 3264, 3584),
(146, 19, '3x3', 'f1', 2686, 3119, 3349, 3720, NULL),
(147, 58, '3x3', 'f1', 2740, 2918, 3527, 4647, 4940),
(148, 26, '3x3', 'f1', 4779, 4939, 5468, 5526, 5561),
(149, 40, '3x3', 'f1', 3949, 4837, 5580, 5754, 7256),
(150, 13, '3x3', 'f1', 5897, 5983, 7217, 8291, 9057),
(151, 11, '3x3', 'f2', 560, 676, 698, 742, 797),
(152, 38, '3x3', 'f2', 682, 708, 726, 833, 837),
(153, 2, '3x3', 'f2', 707, 722, 736, 855, 870),
(154, 56, '3x3', 'f2', 677, 775, 784, 815, 884),
(155, 32, '3x3', 'f2', 695, 784, 819, 853, NULL),
(156, 33, '3x3', 'f2', 750, 806, 860, 863, 1187),
(157, 50, '3x3', 'f2', 772, 788, 877, 887, 1039),
(158, 16, '3x3', 'f2', 668, 774, 852, 963, 1027),
(159, 21, '3x3', 'f2', 857, 865, 878, 1061, 1190),
(160, 34, '3x3', 'f2', 827, 854, 962, 1024, 1066),
(161, 18, '3x3', 'f2', 819, 931, 979, 997, 1009),
(162, 37, '3x3', 'f2', 944, 949, 975, 1041, 1051),
(163, 54, '3x3', 'f2', 896, 955, 1012, 1033, 1050),
(164, 47, '3x3', 'f2', 900, 910, 1081, 1126, 1431),
(165, 52, '3x3', 'f2', 920, 967, 999, 1171, 1200),
(166, 20, '3x3', 'f2', 978, 1039, 1045, 1255, 1303),
(167, 22, '3x3', 'f2', 1101, 1107, 1165, 1262, 1754),
(168, 57, '3x3', 'f2', 1053, 1169, 1196, 1235, 1475),
(169, 3, '3x3', 'f2', 1092, 1144, 1193, 1262, 1518),
(170, 48, '3x3', 'f2', 1077, 1131, 1227, 1354, 1559),
(171, 12, '3x3', 'f2', 970, 1238, 1265, 1304, 1499),
(172, 23, '3x3', 'f2', 1187, 1229, 1254, 1350, 1413),
(173, 28, '3x3', 'f2', 1201, 1262, 1314, 1336, 1551),
(174, 55, '3x3', 'f2', 1214, 1221, 1335, 1368, 1381),
(175, 6, '3x3', 'f2', 1204, 1211, 1261, 1463, NULL),
(176, 27, '3x3', 'f2', 1107, 1185, 1292, 1511, 1974),
(177, 24, '3x3', 'f2', 1210, 1339, 1374, 1411, 1710),
(178, 31, '3x3', 'f2', 1249, 1250, 1416, 1461, 1617),
(179, 1, '3x3', 'f2', 934, 1116, 1317, 1778, 1928),
(180, 5, '3x3', 'f2', 1294, 1343, 1423, 1463, 1661),
(181, 8, '3x3', 'f2', 1333, 1401, 1419, 1427, 1630),
(182, 41, '3x3', 'f2', 1315, 1339, 1444, 1479, 1563),
(183, 10, '3x3', 'f2', 1323, 1372, 1394, 1510, 1550),
(184, 9, '3x3', 'f2', 1553, 1563, 1596, 1667, 2085),
(185, 38, '3x3', 'd', 681, 692, 717, 741, 894),
(186, 11, '3x3', 'd', 650, 743, 756, 767, 785),
(187, 33, '3x3', 'd', 717, 750, 769, 810, 1004),
(188, 32, '3x3', 'd', 713, 743, 767, 858, 878),
(189, 56, '3x3', 'd', 791, 841, 843, 905, 1244),
(190, 2, '3x3', 'd', 796, 817, 881, 999, 1220),
(191, 37, '3x3', 'd', 823, 841, 926, 931, 1006),
(192, 54, '3x3', 'd', 835, 858, 909, 1013, 1071),
(193, 18, '3x3', 'd', 857, 894, 900, 1021, 1153),
(194, 16, '3x3', 'd', 836, 843, 959, 1064, 1223),
(195, 50, '3x3', 'd', 708, 766, 914, 1191, 1262),
(196, 34, '3x3', 'd', 814, 931, 960, 982, 1166),
(197, 21, '3x3', 'd', 813, 869, 993, 1091, 1170),
(198, 47, '3x3', 'd', 970, 1018, 1136, 1136, 1346);

INSERT INTO eredmeny VALUES
(199, 38, '4x4', 'f1', 2478, 2658, 2678, 2798, 2850),
(200, 34, '4x4', 'f1', 2765, 2769, 2773, 2910, 3153),
(201, 32, '4x4', 'f1', 2692, 2700, 2904, 3090, 3326),
(202, 16, '4x4', 'f1', 3214, 3230, 3327, 3332, 3484),
(203, 11, '4x4', 'f1', 3224, 3229, 3366, 3431, 3662),
(204, 33, '4x4', 'f1', 3115, 3252, 3376, 3415, 3649),
(205, 50, '4x4', 'f1', 2944, 3089, 3416, 3611, 3793),
(206, 54, '4x4', 'f1', 3350, 3505, 3580, 3768, 3971),
(207, 56, '4x4', 'f1', 3483, 3588, 3599, 4128, 4348),
(208, 37, '4x4', 'f1', 3584, 3659, 3792, 3877, 5106),
(209, 20, '4x4', 'f1', 3715, 3815, 3865, 3895, 4408),
(210, 18, '4x4', 'f1', 3440, 3685, 3775, 4178, 4314),
(211, 2, '4x4', 'f1', 3378, 3897, 4077, 4155, 4376),
(212, 21, '4x4', 'f1', 3919, 4180, 4394, 4517, 4615),
(213, 22, '4x4', 'f1', 4136, 4285, 4388, 4426, 4585),
(214, 52, '4x4', 'f1', 4286, 4326, 4346, 4885, NULL),
(215, 14, '4x4', 'f1', 4220, 4243, 4678, 5131, 5645),
(216, 27, '4x4', 'f1', 4155, 4523, 4871, 5025, 5277),
(217, 55, '4x4', 'f1', 4653, 4730, 4943, 4987, NULL),
(218, 47, '4x4', 'f1', 4511, 4619, 5109, 5272, NULL),
(219, 12, '4x4', 'f1', 4611, 4689, 5341, 5435, 5689),
(220, 6, '4x4', 'f1', 5120, 5128, 5274, 5554, 5942),
(221, 57, '4x4', 'f1', 4259, 5125, 5411, 6032, 6602),
(222, 31, '4x4', 'f1', 5278, 5606, 5626, 5788, 7047),
(223, 3, '4x4', 'f1', 5304, 5792, 5874, 6349, 6956),
(224, 23, '4x4', 'f1', 5752, 6292, 6313, 6385, 7154),
(225, 8, '4x4', 'f1', 5965, 6411, 6833, 7237, 7837),
(226, 39, '4x4', 'f1', 6250, 6799, NULL, NULL, NULL),
(227, 49, '4x4', 'f1', 6269, 7407, NULL, NULL, NULL),
(228, 15, '4x4', 'f1', 6279, 6458, NULL, NULL, NULL),
(229, 7, '4x4', 'f1', 6282, 7042, NULL, NULL, NULL),
(230, 10, '4x4', 'f1', 6314, 7336, NULL, NULL, NULL),
(231, 30, '4x4', 'f1', 6486, 7585, NULL, NULL, NULL),
(232, 25, '4x4', 'f1', 6521, 7292, NULL, NULL, NULL),
(233, 48, '4x4', 'f1', 6699, 6843, NULL, NULL, NULL),
(234, 53, '4x4', 'f1', 6945, NULL, NULL, NULL, NULL),
(235, 24, '4x4', 'f1', 7057, 7352, NULL, NULL, NULL),
(236, 4, '4x4', 'f1', 7133, 9094, NULL, NULL, NULL),
(237, 51, '4x4', 'f1', 7365, 8211, NULL, NULL, NULL),
(238, 17, '4x4', 'f1', 7603, 7849, NULL, NULL, NULL),
(239, 29, '4x4', 'f1', 8377, 8410, NULL, NULL, NULL),
(240, 44, '4x4', 'f1', 9420, NULL, NULL, NULL, NULL),
(241, 46, '4x4', 'f1', 9786, NULL, NULL, NULL, NULL),
(242, 45, '4x4', 'f1', 10259, 10833, NULL, NULL, NULL),
(243, 36, '4x4', 'f1', 10354, NULL, NULL, NULL, NULL),
(244, 38, '4x4', 'd', 2407, 2579, 2701, 2708, 3117),
(245, 34, '4x4', 'd', 2607, 2816, 3065, 3194, 3244),
(246, 32, '4x4', 'd', 3019, 3102, 3210, 3412, NULL),
(247, 16, '4x4', 'd', 2890, 3161, 3174, 3518, 3697),
(248, 11, '4x4', 'd', 2714, 3190, 3288, 3561, 3586),
(249, 37, '4x4', 'd', 3302, 3340, 3403, 3460, 3701),
(250, 50, '4x4', 'd', 2852, 3316, 3399, 3491, 3599),
(251, 54, '4x4', 'd', 3190, 3313, 3583, 3654, 3963),
(252, 18, '4x4', 'd', 3012, 3204, 3625, 3777, 3994),
(253, 33, '4x4', 'd', 2870, 3313, 3376, 4303, 4431),
(254, 56, '4x4', 'd', 3577, 3804, 4013, 4040, 4178),
(255, 20, '4x4', 'd', 3879, 4070, 4090, 4137, 4158),
(256, 2, '4x4', 'd', 3713, 4049, 4057, 4256, 4671),
(257, 21, '4x4', 'd', 4171, 4524, 4539, 4854, 4980);

INSERT INTO eredmeny VALUES
(258, 38, '5x5', 'f1', 4264, 4476, 4522, 4854, 5305),
(259, 34, '5x5', 'f1', 5208, 5447, 5738, 5922, 5960),
(260, 16, '5x5', 'f1', 5648, 5806, 5886, 6086, 6177),
(261, 32, '5x5', 'f1', 5753, 5937, 5984, 6813, NULL),
(262, 18, '5x5', 'f1', 6081, 6165, 6263, 6468, 6544),
(263, 50, '5x5', 'f1', 5741, 5966, 6324, 6695, 6920),
(264, 54, '5x5', 'f1', 6522, 6738, 6750, 6934, 7100),
(265, 33, '5x5', 'f1', 6518, 6958, 7062, 7620, 9024),
(266, 37, '5x5', 'f1', 6600, 7492, 7672, 7974, 8094),
(267, 20, '5x5', 'f1', 7600, 8136, 8182, 9022, 9449),
(268, 27, '5x5', 'f1', 8525, 8702, 9092, 9352, 10480),
(269, 47, '5x5', 'f1', 8454, 8813, 9044, 9617, 10515),
(270, 21, '5x5', 'f1', 8364, 8655, 9923, 9992, NULL),
(271, 14, '5x5', 'f1', 9570, 10363, NULL, NULL, NULL),
(272, 6, '5x5', 'f1', 10001, 11046, NULL, NULL, NULL),
(273, 23, '5x5', 'f1', 10725, 11481, NULL, NULL, NULL),
(274, 49, '5x5', 'f1', 11175, 12142, NULL, NULL, NULL),
(275, 12, '5x5', 'f1', 12611, 13320, NULL, NULL, NULL),
(276, 25, '5x5', 'f1', 12789, 13636, NULL, NULL, NULL),
(277, 31, '5x5', 'f1', 14510, 14852, NULL, NULL, NULL),
(278, 15, '5x5', 'f1', 15267, 19212, NULL, NULL, NULL),
(279, 46, '5x5', 'f1', 15616, 18518, NULL, NULL, NULL),
(280, 45, '5x5', 'f1', 16578, 18050, NULL, NULL, NULL),
(281, 29, '5x5', 'f1', 17497, 20623, NULL, NULL, NULL),
(282, 17, '5x5', 'f1', 18873, 19032, NULL, NULL, NULL),
(283, 24, '5x5', 'f1', 18927, 20488, NULL, NULL, NULL),
(284, 38, '5x5', 'd', 4063, 4513, 4776, 4789, 4875),
(285, 16, '5x5', 'd', 5159, 5373, 5395, 5772, 6320),
(286, 34, '5x5', 'd', 5329, 5385, 5971, 6051, 6339),
(287, 18, '5x5', 'd', 5723, 5931, 5949, 6147, 6759),
(288, 50, '5x5', 'd', 5824, 6068, 6362, 6391, 7023),
(289, 54, '5x5', 'd', 5970, 6231, 6646, 6766, 6855),
(290, 32, '5x5', 'd', 5341, 6165, 6974, 7129, 7379),
(291, 33, '5x5', 'd', 6278, 6620, 7052, 7403, 7548),
(292, 37, '5x5', 'd', 6633, 6818, 7657, 8586, NULL),
(293, 20, '5x5', 'd', 7527, 7599, 8037, 8148, 9167);

INSERT INTO eredmeny VALUES
(294, 38, '6x6', 'd', 8150, 8185, 8245, NULL, NULL),
(295, 34, '6x6', 'd', 10951, 11571, 11601, NULL, NULL),
(296, 16, '6x6', 'd', 10598, 11526, 12025, NULL, NULL),
(297, 18, '6x6', 'd', 10803, 11501, 12206, NULL, NULL),
(298, 50, '6x6', 'd', 11434, 11632, 12135, NULL, NULL),
(299, 54, '6x6', 'd', 10563, 12935, 13387, NULL, NULL),
(300, 37, '6x6', 'd', 13481, 13789, 14017, NULL, NULL),
(301, 27, '6x6', 'd', 14830, 15592, 15642, NULL, NULL),
(302, 33, '6x6', 'd', 15448, 15595, 15757, NULL, NULL),
(303, 47, '6x6', 'd', 15786, 16897, 17396, NULL, NULL),
(304, 20, '6x6', 'd', 17048, 18416, 19069, NULL, NULL),
(305, 21, '6x6', 'd', 17870, 18403, 18501, NULL, NULL),
(306, 14, '6x6', 'd', 20435, NULL, NULL, NULL, NULL),
(307, 23, '6x6', 'd', 22267, NULL, NULL, NULL, NULL);

INSERT INTO eredmeny VALUES
(308, 38, '7x7', 'd', 11381, 11688, 12733, NULL, NULL),
(309, 18, '7x7', 'd', 14841, 14991, 16508, NULL, NULL),
(310, 50, '7x7', 'd', 16933, 18703, 18922, NULL, NULL),
(311, 54, '7x7', 'd', 17508, 17715, 20086, NULL, NULL),
(312, 37, '7x7', 'd', 19659, 20298, 20714, NULL, NULL),
(313, 27, '7x7', 'd', 20516, 21639, 21801, NULL, NULL),
(314, 33, '7x7', 'd', 21570, 24527, 26305, NULL, NULL),
(315, 16, '7x7', 'd', 17768, 18715, NULL, NULL, NULL),
(316, 21, '7x7', 'd', 25972, NULL, NULL, NULL, NULL),
(317, 14, '7x7', 'd', 31445, NULL, NULL, NULL, NULL),
(318, 47, '7x7', 'd', 31654, NULL, NULL, NULL, NULL),
(319, 23, '7x7', 'd', 31671, NULL, NULL, NULL, NULL);